103/09/01,6054804.0,291570934.0,47.5,48.5,47.5,48.5,+1.00,2882.0,
103/09/02,6887280.0,326500156.0,48.4,48.4,47.0,47.1,-1.40,2720.0,
103/09/03,6575211.0,313029943.0,47.2,47.95,47.2,47.75,+0.65,3319.0,
103/09/04,3383810.0,161618360.0,47.7,47.9,47.35,47.9,+0.15,1998.0,
103/09/05,5878611.0,278926687.0,47.55,47.9,47.25,47.3,-0.60,2923.0,
103/09/09,4984394.0,237038159.0,47.5,47.7,47.4,47.65,+0.35,2000.0,
103/09/10,7442311.0,347967669.0,47.5,47.5,46.35,47.1,-0.55,3461.0,
103/09/11,4319087.0,203456879.0,47.1,47.5,46.55,47.15,+0.05,2287.0,
103/09/12,7045004.0,328758310.0,47.5,47.5,46.1,46.1,-1.05,3387.0,
103/09/15,6526609.0,305488204.0,46.3,47.0,46.2,46.75,+0.65,3059.0,
103/09/16,3934104.0,182689603.0,47.0,47.1,46.3,46.3,-0.45,1523.0,
103/09/17,8762139.0,412961584.0,47.0,47.45,46.8,47.3,+1.00,3785.0,
103/09/18,6052601.0,283464948.0,47.5,47.5,46.65,46.7,-0.60,2675.0,
103/09/19,6958307.0,326509789.0,46.9,47.45,46.5,46.95,+0.25,2183.0,
103/09/22,7691234.0,353456573.0,46.8,46.8,45.6,45.8,-1.15,3689.0,
103/09/23,6296553.0,287079971.0,45.95,46.0,45.45,45.45,-0.35,2278.0,
103/09/24,10221791.0,469438517.0,45.45,46.8,45.35,46.7,+1.25,2934.0,
103/09/25,6367436.0,293050615.0,47.0,47.0,45.6,45.85,-0.85,2621.0,
103/09/26,8267454.0,374687647.0,45.4,45.6,45.1,45.3,-0.55,2488.0,
103/09/29,8710255.0,394067521.0,45.8,45.8,44.95,45.0,-0.30,3125.0,
103/09/30,6356453.0,287238410.0,45.1,45.6,44.8,45.3,+0.30,3289.0,
103/10/01,6935048.0,311761710.0,45.5,45.5,44.7,44.8,-0.50,2622.0,
103/10/02,6821593.0,303245653.0,44.55,44.7,44.1,44.7,-0.10,2677.0,
103/10/03,4027202.0,181100971.0,44.8,45.3,44.4,45.1,+0.40,2093.0,
103/10/06,5088008.0,227924441.0,45.25,45.25,44.5,44.8,-0.30,2875.0,
103/10/07,5823823.0,259927194.0,44.8,45.0,44.35,44.75,-0.05,2601.0,
103/10/08,6417131.0,290500512.0,44.75,45.6,44.5,45.35,+0.60,2460.0,
103/10/09,6783681.0,311264626.0,45.5,46.15,45.4,46.0,+0.65,2923.0,
103/10/13,4828127.0,217505577.0,45.0,45.4,44.8,44.8,-1.20,2648.0,
103/10/14,3348053.0,151115380.0,44.8,45.4,44.8,45.15,+0.35,1550.0,
103/10/15,9272329.0,422232807.0,45.35,46.15,44.6,45.5,+0.35,3440.0,
103/10/16,5632851.0,256268439.0,45.5,45.95,45.0,45.5,0.00,2254.0,
103/10/17,8128119.0,368458973.0,45.7,45.7,45.0,45.25,-0.25,2942.0,
103/10/20,1821523.0,83237051.0,45.55,45.95,45.5,45.55,+0.30,900.0,
103/10/21,2765048.0,125921563.0,45.8,45.9,45.4,45.4,-0.15,1125.0,
103/10/22,4032854.0,184282681.0,45.8,45.95,45.5,45.55,+0.15,1696.0,
103/10/23,2951832.0,134867277.0,45.55,45.85,45.5,45.75,+0.20,1575.0,
103/10/24,2492525.0,113970253.0,46.0,46.05,45.5,45.75,0.00,1054.0,
103/10/27,2728200.0,125095861.0,45.9,46.0,45.7,45.85,+0.10,1226.0,
103/10/28,7571595.0,355162215.0,46.2,47.25,46.2,47.1,+1.25,3535.0,
103/10/29,4864155.0,227163975.0,47.2,47.2,46.2,46.75,-0.35,2354.0,
103/10/30,5094695.0,236613151.0,46.55,46.65,46.2,46.45,-0.30,1762.0,
103/10/31,3737620.0,173218824.0,46.6,46.9,46.1,46.45,0.00,1709.0,
103/11/03,2826755.0,131864043.0,46.9,46.95,46.3,46.8,+0.35,1478.0,
103/11/04,3989968.0,186524252.0,46.95,47.2,46.3,46.3,-0.50,2055.0,
103/11/05,3456118.0,159829430.0,46.65,46.65,46.1,46.3,0.00,1603.0,
103/11/06,4266324.0,197578027.0,46.4,46.65,46.0,46.05,-0.25,2413.0,
103/11/07,6423625.0,294058413.0,46.05,46.3,45.6,45.65,-0.40,2844.0,
103/11/10,5583586.0,258261756.0,45.6,46.65,45.55,46.2,+0.55,3213.0,
103/11/11,6021024.0,278522782.0,46.6,46.85,45.95,45.95,-0.25,3080.0,
103/11/12,6571859.0,299569276.0,45.4,45.9,45.4,45.65,-0.30,2681.0,
103/11/13,4101687.0,186850226.0,45.7,45.7,45.4,45.65,0.00,1556.0,
103/11/14,7020382.0,316747940.0,45.5,45.5,45.0,45.0,-0.65,2927.0,
103/11/17,5596639.0,250320472.0,45.4,45.4,44.4,44.6,-0.40,2912.0,
103/11/18,8446336.0,379896433.0,44.6,45.2,44.5,44.95,+0.35,3260.0,
103/11/19,10007259.0,451443037.0,45.5,45.6,44.8,44.8,-0.15,3350.0,
103/11/20,5258075.0,240186272.0,45.4,46.05,45.05,46.0,+1.20,2271.0,
103/11/21,8145721.0,370647905.0,45.95,46.0,45.25,45.3,-0.70,2998.0,
103/11/24,8462944.0,390993124.0,45.6,46.4,45.55,46.15,+0.85,3346.0,
103/11/25,5408562.0,247242609.0,46.15,46.2,45.5,45.5,-0.65,1611.0,
103/11/26,5327681.0,242537230.0,45.8,45.8,45.3,45.3,-0.20,2049.0,
103/11/27,3894128.0,177213421.0,45.35,45.8,45.3,45.35,+0.05,2103.0,
103/11/28,4139472.0,188205994.0,45.35,45.7,45.3,45.45,+0.10,2076.0,
103/12/01,5308487.0,240407050.0,45.0,45.6,44.9,45.2,-0.25,2340.0,
103/12/02,5517898.0,249313657.0,45.15,45.5,44.9,45.35,+0.15,2451.0,
103/12/03,6329521.0,285872736.0,45.45,45.45,44.9,45.2,-0.15,3455.0,
103/12/04,7435299.0,336598563.0,45.0,45.7,45.0,45.15,-0.05,2724.0,
103/12/05,2737144.0,124122361.0,45.5,45.6,45.1,45.35,+0.20,1575.0,
103/12/08,2316077.0,105295181.0,45.75,45.75,45.3,45.6,+0.25,1252.0,
103/12/09,6296487.0,285996702.0,45.7,45.7,45.05,45.25,-0.35,2197.0,
103/12/10,8471237.0,379291391.0,45.05,45.2,44.6,44.85,-0.40,4151.0,
103/12/11,11720132.0,523140166.0,45.0,45.0,44.5,44.5,-0.35,2734.0,
103/12/12,10610835.0,470184438.0,44.5,44.55,44.15,44.2,-0.30,3876.0,
103/12/15,11473441.0,499452568.0,44.05,44.05,43.25,43.45,-0.75,4444.0,
103/12/16,10378256.0,452618045.0,43.4,44.1,43.4,43.4,-0.05,4127.0,
103/12/17,19989232.0,845192075.0,43.3,43.3,41.55,41.55,-1.85,8562.0,
103/12/18,14297740.0,599784830.0,41.85,42.25,41.75,42.0,+0.45,7875.0,
103/12/19,11834946.0,500422692.0,42.5,42.6,41.9,42.3,+0.30,3583.0,
103/12/22,10178682.0,430798315.0,42.1,42.7,42.1,42.45,+0.15,2474.0,
103/12/23,5534577.0,236891741.0,42.85,42.9,42.6,42.9,+0.45,2584.0,
103/12/24,6636330.0,285157499.0,43.0,43.1,42.7,42.95,+0.05,3176.0,
103/12/25,4366832.0,187223485.0,43.0,43.15,42.75,43.15,+0.20,842.0,
103/12/26,5465845.0,234761470.0,43.1,43.1,42.9,43.0,-0.15,1515.0,
103/12/27,1245869.0,53502667.0,43.0,43.0,42.9,42.95,-0.05,448.0,
103/12/29,7228871.0,314050653.0,43.0,43.9,43.0,43.4,+0.45,2907.0,
103/12/30,3357578.0,146139328.0,43.5,43.85,43.2,43.55,+0.15,1713.0,
103/12/31,6291182.0,271687218.0,43.45,43.6,43.0,43.4,-0.15,1787.0,
104/01/05,2842933.0,122244519.0,43.4,43.4,42.8,43.0,-0.40,1489.0,
104/01/06,7654419.0,324150031.0,42.5,42.6,42.1,42.25,-0.75,3660.0,
104/01/07,8719024.0,368171551.0,42.25,42.55,41.85,42.1,-0.15,3348.0,
104/01/08,8697776.0,369425923.0,42.25,42.65,42.1,42.25,+0.15,3700.0,
104/01/09,10494129.0,441333468.0,42.3,42.6,41.8,41.8,-0.45,3975.0,
104/01/12,14743805.0,605441072.0,41.6,41.7,40.6,40.75,-1.05,6779.0,
104/01/13,9078712.0,373745434.0,40.7,41.4,40.5,41.3,+0.55,4133.0,
104/01/14,10408761.0,428298461.0,41.3,41.7,40.9,41.3,0.00,4576.0,
104/01/15,7820632.0,324407319.0,41.3,41.7,41.15,41.45,+0.15,2787.0,
104/01/16,13346241.0,550440143.0,41.45,41.65,41.0,41.45,0.00,3658.0,
104/01/19,9378707.0,392959219.0,41.7,42.25,41.55,41.7,+0.25,3752.0,
104/01/20,9046317.0,378587229.0,41.7,42.0,41.35,41.8,+0.10,3676.0,
104/01/21,9839094.0,409902540.0,42.0,42.1,41.5,41.6,-0.20,4069.0,
104/01/22,7736900.0,324570454.0,41.6,42.15,41.55,42.0,+0.40,3129.0,
104/01/23,6099711.0,257185590.0,42.3,42.3,42.05,42.25,+0.25,2529.0,
104/01/26,4801173.0,203249203.0,42.25,42.5,42.05,42.5,+0.25,2321.0,
104/01/27,5134639.0,218900662.0,42.65,42.7,42.5,42.7,+0.20,2127.0,
104/01/28,5952553.0,254396681.0,42.5,42.95,42.5,42.95,+0.25,3218.0,
104/01/29,8902479.0,377651751.0,42.7,42.75,42.1,42.1,-0.85,2963.0,
104/01/30,10361097.0,441412912.0,42.45,42.9,42.3,42.6,+0.50,2758.0,
104/02/02,3475137.0,147908989.0,42.6,42.8,42.3,42.75,+0.15,1378.0,
104/02/03,5587123.0,238073561.0,42.95,42.95,42.5,42.5,-0.25,2259.0,
104/02/04,6580244.0,278653844.0,42.0,42.6,42.0,42.25,-0.25,3403.0,
104/02/05,5067369.0,213939561.0,42.25,42.35,42.15,42.2,-0.05,2722.0,
104/02/06,3120480.0,132185450.0,42.2,42.55,42.05,42.55,+0.35,1540.0,
104/02/09,3201832.0,135534691.0,42.5,42.5,42.1,42.2,-0.35,1427.0,
104/02/10,7027711.0,297486042.0,42.0,42.55,41.9,42.2,0.00,2945.0,
104/02/11,7575834.0,317809487.0,42.0,42.3,41.55,41.55,-0.65,4463.0,
104/02/12,5098154.0,214083521.0,41.55,42.25,41.55,42.25,+0.70,2584.0,
104/02/13,4652496.0,196089482.0,41.9,42.3,41.85,42.15,-0.10,2836.0,
104/02/24,11986840.0,512612189.0,42.4,42.9,42.35,42.85,+0.70,4691.0,
104/02/25,7138982.0,306343549.0,42.95,43.2,42.6,42.75,-0.10,3968.0,
104/02/26,8012126.0,344348976.0,43.0,43.2,42.85,42.95,+0.20,3055.0,
104/03/02,5941698.0,255131507.0,43.3,43.3,42.55,42.65,-0.30,2665.0,
104/03/03,6727209.0,289682295.0,42.95,43.25,42.75,43.25,+0.60,3045.0,
104/03/04,6063022.0,263659184.0,43.2,43.6,43.05,43.6,+0.35,2274.0,
104/03/05,4544261.0,196407473.0,43.6,43.6,43.0,43.0,-0.60,1956.0,
104/03/06,4663289.0,202335210.0,43.2,43.55,42.9,43.35,+0.35,1373.0,
104/03/09,8534692.0,363356434.0,43.0,43.0,42.2,42.6,-0.75,3382.0,
104/03/10,6967102.0,294623690.0,42.6,42.6,42.1,42.1,-0.50,3315.0,
104/03/11,10202869.0,425246848.0,41.65,41.95,41.5,41.5,-0.60,4148.0,
104/03/12,8015132.0,335956694.0,41.5,42.25,41.4,42.0,+0.50,2720.0,
104/03/13,5770369.0,244762542.0,42.15,42.6,42.05,42.25,+0.25,2203.0,
104/03/16,5677197.0,238398079.0,42.0,42.35,41.75,41.75,-0.50,2689.0,
104/03/17,4360207.0,183214136.0,41.8,42.35,41.8,41.85,+0.10,2006.0,
104/03/18,5660897.0,239065888.0,41.9,42.6,41.85,42.3,+0.45,3010.0,
104/03/19,9321786.0,400086385.0,42.55,43.2,42.35,43.05,+0.75,3834.0,
104/03/20,13162845.0,556449580.0,42.3,42.6,42.1,42.25,-0.80,3705.0,
104/03/23,3714785.0,157747090.0,42.25,42.55,42.25,42.5,+0.25,1764.0,
104/03/24,5899170.0,247835940.0,42.3,42.5,41.8,42.0,-0.50,2465.0,
104/03/25,6739824.0,282790258.0,41.9,42.15,41.75,42.0,0.00,2265.0,
104/03/26,5452727.0,229419284.0,41.8,42.2,41.75,42.2,+0.20,1955.0,
104/03/27,5476175.0,230206450.0,42.0,42.25,41.9,42.0,-0.20,1860.0,
104/03/30,7783429.0,332894587.0,42.75,42.95,42.5,42.75,+0.75,3098.0,
104/03/31,17432697.0,761891541.0,43.2,44.2,43.0,44.1,+1.35,6254.0,
104/04/01,11745577.0,514093162.0,44.0,44.35,43.15,43.55,-0.55,5465.0,
104/04/02,6751947.0,294673069.0,43.7,44.25,43.2,43.25,-0.30,3101.0,
104/04/07,9560429.0,419303557.0,43.4,44.15,43.4,44.0,+0.75,3461.0,
104/04/08,7567497.0,332451194.0,44.35,44.35,43.55,43.8,-0.20,3360.0,
104/04/09,13230150.0,584059025.0,44.15,44.35,43.8,44.0,+0.20,4236.0,
104/04/10,7442170.0,327171855.0,44.2,44.25,43.75,43.75,-0.25,3572.0,
104/04/13,4942067.0,214653343.0,43.75,43.75,43.15,43.65,-0.10,2268.0,
104/04/14,4157194.0,181418348.0,43.3,43.8,43.2,43.7,+0.05,1647.0,
104/04/15,9829278.0,425394040.0,43.4,43.5,43.05,43.5,-0.20,3335.0,
104/04/16,7964933.0,346156608.0,43.5,43.75,43.3,43.75,+0.25,3364.0,
104/04/17,6913107.0,301832066.0,43.3,43.85,43.3,43.6,-0.15,2455.0,
104/04/20,5733111.0,247872189.0,43.45,43.5,42.95,43.4,-0.20,1783.0,
104/04/21,5250754.0,228739282.0,43.5,43.75,43.4,43.75,+0.35,2272.0,
104/04/22,6269963.0,274095371.0,43.75,43.8,43.4,43.75,0.00,2631.0,
104/04/23,16591872.0,740166821.0,43.8,45.25,43.75,45.1,+1.35,5512.0,
104/04/24,14753147.0,664674182.0,45.3,45.4,44.9,44.95,-0.15,7335.0,
104/04/27,9098417.0,408215640.0,44.95,45.05,44.7,44.7,-0.25,3534.0,
104/04/28,14593811.0,645387577.0,44.7,44.9,43.6,43.95,-0.75,4160.0,
104/04/29,8970009.0,392495124.0,43.5,44.1,43.5,43.6,-0.35,3547.0,
104/04/30,7069706.0,309018923.0,43.5,43.9,43.5,43.6,0.00,2196.0,
104/05/04,2284017.0,99434760.0,43.8,43.9,43.4,43.4,-0.20,1039.0,
104/05/05,3266378.0,141962573.0,43.6,43.8,43.3,43.3,-0.10,1357.0,
104/05/06,2957119.0,128039862.0,43.3,43.45,43.15,43.15,-0.15,1525.0,
104/05/07,7360122.0,314861533.0,43.15,43.2,42.35,42.4,-0.75,3123.0,
104/05/08,4382797.0,187387936.0,42.5,43.05,42.5,42.55,+0.15,1836.0,
104/05/11,4064617.0,173980169.0,42.6,43.0,42.6,42.65,+0.10,1939.0,
104/05/12,4602944.0,197311536.0,43.0,43.05,42.6,42.85,+0.20,2013.0,
104/05/13,4723786.0,203417794.0,42.85,43.35,42.85,43.2,+0.35,2001.0,
104/05/14,4202683.0,179436737.0,43.0,43.0,42.5,42.7,-0.50,2247.0,
104/05/15,4962439.0,211254740.0,42.7,42.95,42.35,42.5,-0.20,1898.0,
104/05/18,6782122.0,286905739.0,42.1,43.0,41.8,43.0,+0.50,2586.0,
104/05/19,5442397.0,232847283.0,43.0,43.1,42.5,42.6,-0.40,2679.0,
104/05/20,6384362.0,271100917.0,42.7,42.7,42.25,42.55,-0.05,2744.0,
104/05/21,8405163.0,350905446.0,42.4,42.4,41.55,41.7,-0.85,4215.0,
104/05/22,7811339.0,326150156.0,41.7,41.9,41.65,41.75,+0.05,3165.0,
104/05/25,6126569.0,256092123.0,41.75,41.95,41.6,41.9,+0.15,1919.0,
104/05/26,3936561.0,165269442.0,41.9,42.2,41.9,42.0,+0.10,2230.0,
104/05/27,2750058.0,115565036.0,42.15,42.15,41.9,42.0,0.00,1359.0,
104/05/28,7248668.0,304405270.0,42.0,42.2,41.9,41.9,-0.10,2902.0,
104/05/29,8623986.0,360052448.0,41.9,42.1,41.7,41.7,-0.20,1967.0,
104/06/01,6324085.0,261055542.0,41.7,42.1,41.05,41.1,-0.60,3379.0,
104/06/02,8592307.0,348130375.0,41.1,41.1,40.3,40.4,-0.70,4161.0,
104/06/03,6614311.0,266210457.0,40.4,40.55,40.0,40.15,-0.25,2951.0,
104/06/04,13609614.0,530528995.0,40.0,40.0,37.65,38.8,-1.35,5927.0,
104/06/05,8041456.0,312424242.0,38.75,39.1,38.55,38.95,+0.15,3604.0,
104/06/08,8288108.0,329210637.0,39.0,40.35,38.95,39.9,+0.95,3812.0,
104/06/09,5116694.0,199832410.0,39.65,39.65,38.85,38.85,-1.05,2554.0,
104/06/10,6296533.0,244927187.0,39.0,39.05,38.7,38.8,-0.05,2736.0,
104/06/11,11023500.0,420841086.0,38.8,38.95,37.8,38.15,-0.65,4929.0,
104/06/12,11147400.0,424833286.0,38.1,38.55,37.95,38.0,-0.15,2885.0,
104/06/15,6132475.0,234468535.0,37.8,38.7,37.75,38.0,0.00,3021.0,
104/06/16,5280533.0,201424357.0,38.15,38.4,37.85,38.0,0.00,2665.0,
104/06/17,10579473.0,403077824.0,38.65,38.65,37.8,37.85,-0.15,4731.0,
104/06/18,8670998.0,328960395.0,37.85,38.15,37.85,37.9,+0.05,3287.0,
104/06/22,6705995.0,256483460.0,37.9,38.7,37.9,38.0,+0.10,3463.0,
104/06/23,6097478.0,234863456.0,38.5,38.65,38.25,38.55,+0.55,3215.0,
104/06/24,10742457.0,415967111.0,38.9,38.9,38.55,38.9,+0.35,2061.0,
104/06/25,8751768.0,342457720.0,38.9,39.4,38.9,39.1,+0.20,3255.0,
104/06/26,5401128.0,212803635.0,39.1,39.5,39.1,39.45,+0.35,2574.0,
104/06/29,4578945.0,178463188.0,39.2,39.2,38.85,38.85,-0.60,2143.0,
104/06/30,8871377.0,347931572.0,38.7,39.5,38.7,38.95,+0.10,3389.0,
104/07/01,5737223.0,228628422.0,38.8,40.2,38.8,40.0,+1.05,2924.0,
104/07/02,6523227.0,260560230.0,40.15,40.3,39.8,40.0,0.00,2885.0,
104/07/03,4223833.0,168072216.0,39.8,40.1,39.45,40.1,+0.10,2289.0,
104/07/06,15532466.0,580746036.0,39.95,40.0,39.5,39.55,-0.55,1819.0,
104/07/07,5426037.0,213611190.0,39.55,39.9,39.0,39.0,-0.55,2347.0,
104/07/08,10950176.0,418438353.0,38.8,39.05,37.95,37.95,-1.05,4796.0,
104/07/09,8449762.0,318429751.0,37.85,37.9,37.4,37.7,-0.25,3434.0,
104/07/13,7643110.0,296878834.0,37.8,39.4,37.7,39.05,+1.35,4675.0,
104/07/14,9800369.0,390182651.0,39.1,40.25,39.05,40.15,+1.10,4631.0,
104/07/15,9596116.0,384164593.0,39.6,40.6,39.6,40.3,+0.15,4597.0,
104/07/16,8851538.0,352503631.0,40.0,40.1,39.55,39.8,-0.50,3999.0,
104/07/17,7207120.0,285574678.0,39.6,39.8,39.5,39.8,0.00,3453.0,
104/07/20,8210918.0,326949433.0,40.0,40.2,39.6,39.6,-0.20,3225.0,
104/07/21,9084431.0,359245564.0,39.55,39.8,39.15,39.45,-0.15,3766.0,
104/07/22,9464516.0,370179534.0,39.2,39.35,38.9,39.1,-0.35,3357.0,
104/07/23,8084827.0,301254518.0,36.75,37.5,36.7,37.35,X0.00,3307.0,
104/07/24,6719516.0,248068648.0,37.3,37.35,36.8,36.8,-0.55,3474.0,
104/07/27,8298354.0,299288750.0,36.5,36.5,35.85,36.0,-0.80,3736.0,
104/07/28,11223070.0,396801535.0,35.65,35.75,34.8,35.1,-0.90,4913.0,
104/07/29,8554452.0,297288270.0,35.1,35.15,34.5,34.65,-0.45,3291.0,
104/07/30,7187199.0,250068172.0,34.5,35.0,34.45,34.8,+0.15,3055.0,
104/07/31,8533235.0,291783848.0,34.8,34.8,33.9,34.2,-0.60,3387.0,
104/08/03,7717109.0,261286373.0,34.1,34.1,33.45,33.95,-0.25,3395.0,
104/08/04,9703021.0,330554864.0,34.1,34.35,33.95,34.35,+0.40,2577.0,
104/08/05,8821448.0,302197752.0,34.35,34.45,33.9,34.35,0.00,2370.0,
104/08/06,17861852.0,601428132.0,34.3,34.3,33.2,33.25,-1.10,4702.0,
104/08/07,7162951.0,240342734.0,32.35,34.05,32.3,33.75,+0.50,2965.0,
104/08/10,7492868.0,258273637.0,34.55,34.6,34.25,34.45,+0.70,2961.0,
104/08/11,8918031.0,306514021.0,34.45,34.6,34.1,34.1,-0.35,2859.0,
104/08/12,6448070.0,218692480.0,33.7,34.15,33.6,34.0,-0.10,2319.0,
104/08/13,8642293.0,291652071.0,33.85,34.1,33.4,33.9,-0.10,2876.0,
104/08/14,6624292.0,221693831.0,33.85,33.85,33.2,33.5,-0.40,2075.0,
104/08/17,4636216.0,155787569.0,33.5,33.8,33.45,33.5,0.00,1948.0,
104/08/18,5148481.0,173065301.0,33.55,34.0,33.45,33.8,+0.30,2278.0,
104/08/19,5566201.0,188470926.0,33.65,34.1,33.6,33.75,-0.05,3010.0,
104/08/20,6846184.0,229490910.0,33.8,33.95,33.0,33.4,-0.35,2831.0,
104/08/21,6977497.0,227864540.0,33.15,33.2,32.3,32.3,-1.10,2954.0,
104/08/24,13308126.0,418865880.0,31.4,32.3,30.05,32.0,-0.30,5468.0,
104/08/25,13759738.0,439357276.0,32.0,32.1,31.35,32.0,0.00,4234.0,
104/08/26,7211499.0,230964885.0,32.0,32.25,31.8,32.05,+0.05,2571.0,
104/08/27,7204885.0,233655974.0,32.05,32.9,32.05,32.6,+0.55,2968.0,
104/08/28,8058333.0,275928420.0,33.75,35.1,33.2,34.85,+2.25,3516.0,
104/08/31,7483645.0,258467204.0,35.0,35.05,34.0,34.85,0.00,3052.0,
104/09/01,5800278.0,199218835.0,34.8,34.85,34.05,34.35,-0.50,2367.0,
104/09/02,6069720.0,205967680.0,34.0,34.25,33.6,34.0,-0.35,2172.0,
104/09/03,7425013.0,252132142.0,34.0,34.1,33.75,33.95,-0.05,1823.0,
104/09/04,6149275.0,208898800.0,33.7,34.25,33.7,33.9,-0.05,2267.0,
104/09/07,3899475.0,131311947.0,33.25,33.95,33.25,33.5,-0.40,1596.0,
104/09/08,4944033.0,165548203.0,33.5,33.95,33.3,33.5,0.00,2078.0,
104/09/09,10422525.0,365053649.0,34.4,35.55,34.1,35.45,+1.95,4530.0,
104/09/10,4670250.0,165268301.0,35.35,35.65,34.8,35.65,+0.20,2380.0,
104/09/11,3127823.0,110084109.0,35.1,35.5,35.0,35.25,-0.40,1985.0,
104/09/14,3003552.0,106334829.0,35.65,35.65,35.15,35.45,+0.20,1659.0,
104/09/15,3246732.0,115753846.0,35.8,35.9,35.4,35.6,+0.15,1988.0,
104/09/16,4622924.0,164325746.0,35.9,35.9,35.4,35.5,-0.10,2033.0,
104/09/17,5705492.0,203263383.0,35.85,35.85,35.5,35.55,+0.05,2706.0,
104/09/18,4903965.0,173087559.0,35.55,35.55,35.05,35.2,-0.35,1532.0,
104/09/21,2887969.0,99615765.0,34.75,34.85,34.2,34.55,-0.65,1743.0,
104/09/22,2492895.0,86534482.0,34.6,35.0,34.5,34.75,+0.20,1585.0,
104/09/23,5307606.0,181122050.0,34.6,34.6,33.65,34.45,-0.30,2883.0,
104/09/24,5757816.0,193400283.0,34.45,34.45,33.2,33.2,-1.25,2744.0,
104/09/25,2639561.0,87139836.0,33.5,33.55,32.75,32.9,-0.30,1406.0,
104/09/30,8996101.0,296033115.0,32.35,33.35,32.35,33.35,+0.45,3385.0,
104/10/01,6822001.0,229183870.0,33.3,34.2,32.7,34.1,+0.75,3193.0,
104/10/02,2903963.0,98738281.0,34.15,34.2,33.8,34.0,-0.10,1648.0,
104/10/05,4295530.0,148326875.0,34.35,34.75,34.25,34.5,+0.50,2274.0,
104/10/06,5847812.0,204835200.0,34.7,35.35,34.6,35.25,+0.75,3120.0,
104/10/07,9492016.0,341477566.0,35.3,36.55,34.8,36.55,+1.30,3853.0,
104/10/08,6218015.0,224964729.0,36.55,36.55,35.7,36.25,-0.30,2535.0,
104/10/12,8313955.0,309541013.0,36.5,37.5,36.3,37.5,+1.25,3685.0,
104/10/13,6670323.0,244187559.0,37.35,37.35,36.25,36.7,-0.80,2980.0,
104/10/14,2646613.0,95863480.0,36.25,36.45,36.1,36.25,-0.45,1532.0,
104/10/15,4867925.0,178046134.0,36.7,36.95,36.25,36.9,+0.65,2449.0,
104/10/16,6192152.0,229386257.0,37.4,37.4,36.8,37.05,+0.15,2594.0,
104/10/19,11348029.0,427950631.0,37.55,38.0,37.4,38.0,+0.95,4148.0,
104/10/20,10306717.0,382450212.0,38.0,38.0,36.75,37.15,-0.85,4868.0,
104/10/21,1970669.0,72882003.0,37.25,37.4,36.7,36.95,-0.20,1084.0,
104/10/22,2701424.0,98949068.0,36.85,37.0,36.5,36.5,-0.45,1850.0,
104/10/23,4694672.0,173500390.0,37.2,37.25,36.65,36.7,+0.20,3079.0,
104/10/26,4552838.0,169118217.0,37.2,37.4,36.85,37.3,+0.60,2321.0,
104/10/27,5062693.0,187707799.0,37.3,37.4,36.55,37.2,-0.10,2234.0,
104/10/28,5090694.0,189863606.0,37.1,37.5,37.0,37.4,+0.20,2211.0,
104/10/29,6971533.0,254144486.0,37.1,37.15,36.15,36.15,-1.25,3223.0,
104/10/30,3164208.0,115012533.0,36.15,36.65,36.15,36.2,+0.05,1801.0,
104/11/02,1809952.0,65901841.0,36.8,36.8,36.25,36.35,+0.15,1022.0,
104/11/03,3915764.0,144766876.0,36.55,37.3,36.55,36.9,+0.55,2253.0,
104/11/04,6353163.0,237536385.0,37.4,37.9,36.9,37.1,+0.20,3159.0,
104/11/05,4948754.0,183613448.0,37.45,37.5,36.95,37.0,-0.10,2135.0,
104/11/06,7737484.0,280738882.0,36.9,37.0,36.0,36.3,-0.70,2862.0,
104/11/09,3271922.0,118591364.0,36.3,36.6,36.0,36.25,-0.05,1995.0,
104/11/10,5216748.0,185699916.0,36.2,36.2,35.4,35.4,-0.85,3190.0,
104/11/11,7992076.0,277742478.0,35.9,35.9,34.5,34.5,-0.90,4167.0,
104/11/12,3917918.0,134637416.0,34.5,34.8,34.25,34.25,-0.25,2631.0,
104/11/13,7021209.0,239223045.0,34.25,34.6,33.8,33.8,-0.45,3459.0,
104/11/16,4498529.0,150369062.0,33.7,33.75,33.3,33.3,-0.50,2879.0,
104/11/17,4241174.0,142288475.0,33.8,33.85,33.3,33.3,0.00,2270.0,
104/11/18,5563312.0,182565379.0,33.3,33.6,32.55,32.55,-0.75,3363.0,
104/11/19,16251119.0,517358105.0,32.85,33.0,31.4,32.0,-0.55,6439.0,
104/11/20,9545464.0,301448160.0,32.0,32.05,31.45,31.45,-0.55,5124.0,
104/11/23,8280024.0,261067368.0,31.5,31.75,31.4,31.6,+0.15,3378.0,
104/11/24,6954934.0,219228909.0,31.9,31.9,31.3,31.3,-0.30,3499.0,
104/11/25,7373386.0,226591683.0,31.1,31.45,30.4,30.5,-0.80,3269.0,
104/11/26,6397952.0,200263119.0,30.6,31.9,30.6,31.35,+0.85,3007.0,
104/11/27,4790244.0,148714929.0,31.5,31.55,30.9,31.0,-0.35,2237.0,
104/11/30,22290445.0,656527228.0,30.05,30.15,29.0,29.45,-1.55,5915.0,
104/12/01,9225640.0,277745582.0,30.0,30.5,29.6,30.5,+1.05,3421.0,
104/12/02,6250113.0,190842662.0,30.5,30.9,30.1,30.5,0.00,2313.0,
104/12/03,4228089.0,128185651.0,30.1,30.5,30.0,30.45,-0.05,2154.0,
104/12/04,7464986.0,226074569.0,30.05,30.5,29.85,30.2,-0.25,3647.0,
104/12/07,4831399.0,148218707.0,30.6,31.15,30.35,30.35,+0.15,2976.0,
104/12/08,5295966.0,159742663.0,30.5,30.5,29.9,30.15,-0.20,2409.0,
104/12/09,6997076.0,207529380.0,30.0,30.1,29.5,29.55,-0.60,2562.0,
104/12/10,9768787.0,283481507.0,29.3,29.45,28.7,29.1,-0.45,4575.0,
104/12/11,15517755.0,436841807.0,29.05,29.3,27.85,27.85,-1.25,7196.0,
104/12/14,11209355.0,305203016.0,27.65,27.65,26.9,27.15,-0.70,4637.0,
104/12/15,8847662.0,244067093.0,27.45,27.85,27.3,27.4,+0.25,4452.0,
104/12/16,9595151.0,264329569.0,27.5,27.8,27.35,27.4,0.00,5157.0,
104/12/17,7326276.0,202899435.0,27.6,27.85,27.45,27.75,+0.35,3312.0,
104/12/18,7395070.0,202546310.0,27.95,27.95,27.3,27.3,-0.45,2767.0,
104/12/21,6015967.0,164275612.0,27.0,27.75,27.0,27.75,+0.45,3050.0,
104/12/22,6365191.0,174566747.0,27.95,27.95,27.25,27.25,-0.50,2843.0,
104/12/23,6483828.0,177994066.0,27.65,27.65,27.3,27.4,+0.15,2873.0,
104/12/24,10322972.0,288560605.0,27.6,28.2,27.6,27.95,+0.55,3395.0,
104/12/25,4334150.0,120433600.0,28.2,28.2,27.65,27.7,-0.25,1554.0,
104/12/28,4861219.0,135587517.0,28.0,28.1,27.75,27.95,+0.25,2131.0,
104/12/29,3533758.0,98272474.0,28.0,28.05,27.65,27.65,-0.30,1708.0,
104/12/30,6290433.0,172200853.0,27.95,27.95,27.1,27.2,-0.45,2696.0,
104/12/31,9133718.0,248383961.0,27.55,27.65,27.0,27.3,+0.10,2946.0,
105/01/04,10437306.0,275489048.0,27.3,27.3,26.15,26.15,-1.15,5250.0,
105/01/05,5382070.0,141869299.0,26.15,26.7,26.1,26.4,+0.25,3074.0,
105/01/06,5154746.0,134781854.0,26.45,26.55,26.0,26.05,-0.35,2398.0,
105/01/07,20289500.0,551115454.0,26.3,27.6,26.25,27.35,+1.30,7611.0,
105/01/08,11915555.0,321236429.0,27.25,27.3,26.7,27.0,-0.35,3816.0,
105/01/11,11756679.0,306250249.0,26.5,26.55,25.75,26.0,-1.00,4104.0,
105/01/12,5331895.0,139210353.0,26.2,26.25,26.0,26.1,+0.10,2460.0,
105/01/13,6281863.0,166202718.0,26.2,26.75,26.2,26.75,+0.65,3040.0,
105/01/14,7947189.0,210035902.0,26.2,26.75,26.0,26.75,0.00,3660.0,
105/01/15,10040814.0,266216332.0,26.65,26.9,26.15,26.9,+0.15,3191.0,
105/01/18,7044076.0,187200559.0,26.5,26.9,26.25,26.6,-0.30,3604.0,
105/01/19,3365090.0,89015985.0,26.55,26.6,26.3,26.5,-0.10,1970.0,
105/01/20,9593481.0,249581416.0,26.2,26.25,25.85,26.1,-0.40,3345.0,
105/01/21,4485935.0,116808346.0,26.25,26.3,25.85,25.85,-0.25,1983.0,
105/01/22,6341786.0,163560655.0,26.0,26.15,25.6,25.65,-0.20,2454.0,
105/01/25,6261270.0,162190920.0,25.85,26.0,25.75,25.85,+0.20,4504.0,
105/01/26,3984798.0,101869204.0,25.65,25.75,25.45,25.5,-0.35,1744.0,
105/01/27,3831138.0,97966318.0,25.6,25.75,25.5,25.5,0.00,1646.0,
105/01/28,5532164.0,142905564.0,25.5,26.0,25.5,25.85,+0.35,2294.0,
105/01/29,7902753.0,208839228.0,25.85,26.8,25.8,26.6,+0.75,2560.0,
105/01/30,4457746.0,120831257.0,26.8,27.3,26.7,27.3,+0.70,1726.0,
105/02/01,5883078.0,158852270.0,27.2,27.25,26.65,27.25,-0.05,2616.0,
105/02/02,6132945.0,165486395.0,27.1,27.1,26.85,26.85,-0.40,2591.0,
105/02/03,6229080.0,165219977.0,26.75,26.85,26.25,26.6,-0.25,2851.0,
105/02/15,5715396.0,154638708.0,26.8,27.35,26.6,27.05,+0.45,3213.0,
105/02/16,9610907.0,268881005.0,27.3,28.25,27.3,28.25,+1.20,4145.0,
105/02/17,5705677.0,160108786.0,28.3,28.3,27.65,28.15,-0.10,2268.0,
105/02/18,9042899.0,260647071.0,28.35,29.05,28.15,29.05,+0.90,3982.0,
105/02/19,6014685.0,174087593.0,29.0,29.1,28.6,29.1,+0.05,2635.0,
105/02/22,4990988.0,146591984.0,29.3,29.8,29.1,29.3,+0.20,2655.0,
105/02/23,4597205.0,134196643.0,29.4,29.45,28.95,29.3,0.00,2497.0,
105/02/24,7527146.0,219633882.0,29.3,29.5,29.05,29.2,-0.10,2744.0,
105/02/25,5468195.0,161031722.0,29.3,29.6,29.25,29.5,+0.30,2913.0,
105/02/26,7803412.0,233746917.0,29.8,30.3,29.7,30.0,+0.50,3049.0,
105/03/01,16744279.0,470099056.0,29.9,30.0,29.35,29.85,-0.15,3405.0,
105/03/02,6946679.0,208061470.0,29.9,30.25,29.8,29.95,+0.10,2722.0,
105/03/03,8345280.0,250485372.0,29.95,30.4,29.75,30.4,+0.45,3640.0,
105/03/04,10628429.0,317385294.0,30.4,30.45,29.65,29.75,-0.65,5394.0,
105/03/07,10646670.0,321362313.0,29.75,30.45,29.75,30.45,+0.70,4793.0,
105/03/08,11296082.0,344014678.0,30.6,30.75,30.1,30.6,+0.15,5550.0,
105/03/09,6986002.0,209886251.0,30.45,30.45,29.9,29.95,-0.65,3431.0,
105/03/10,8444242.0,256800326.0,30.0,30.7,30.0,30.7,+0.75,4136.0,
105/03/11,4142929.0,126282104.0,30.6,30.65,30.3,30.4,-0.30,2501.0,
105/03/14,6404386.0,196361358.0,30.85,30.85,30.4,30.7,+0.30,3564.0,
105/03/15,6872822.0,207483195.0,30.7,30.7,29.95,30.1,-0.60,3860.0,
105/03/16,5770212.0,173984960.0,30.2,30.4,29.95,30.4,+0.30,2546.0,
105/03/17,7100772.0,217579876.0,30.7,30.85,30.4,30.85,+0.45,3512.0,
105/03/18,17233849.0,542394155.0,31.05,31.6,31.05,31.6,+0.75,5168.0,
105/03/21,4783923.0,150926787.0,31.75,31.95,31.1,31.65,+0.05,2016.0,
105/03/22,5614200.0,178405096.0,31.75,32.1,31.25,32.1,+0.45,2486.0,
105/03/23,4875505.0,154418584.0,31.85,32.0,31.4,31.6,-0.50,2237.0,
105/03/24,12414840.0,385531704.0,31.6,31.6,30.85,30.85,-0.75,4184.0,
105/03/25,4173806.0,130465748.0,31.0,31.5,30.95,31.3,+0.45,2226.0,
105/03/28,3285004.0,102544912.0,31.2,31.4,30.9,31.35,+0.05,1308.0,
105/03/29,4509946.0,138216266.0,31.0,31.3,30.35,30.7,-0.65,2004.0,
105/03/30,5571784.0,174162485.0,30.85,31.45,30.85,31.25,+0.55,2326.0,
105/03/31,8967429.0,280811176.0,31.3,31.5,31.0,31.5,+0.25,2859.0,
105/04/01,5973561.0,183333216.0,30.85,31.05,30.4,30.8,-0.70,3140.0,
105/04/06,7673379.0,231510531.0,30.4,30.5,30.0,30.0,-0.80,3831.0,
105/04/07,7114308.0,211805740.0,30.0,30.3,29.3,29.85,-0.15,3304.0,
105/04/08,9656406.0,287731632.0,29.75,30.2,29.45,30.2,+0.35,3996.0,
105/04/11,5677983.0,169287226.0,29.4,30.2,29.4,30.2,0.00,2953.0,
105/04/12,5679663.0,172840600.0,30.2,30.6,29.9,30.5,+0.30,3284.0,
105/04/13,13086226.0,410341474.0,30.6,31.6,30.55,31.6,+1.10,6420.0,
105/04/14,25875557.0,848058591.0,31.7,33.25,31.7,33.0,+1.40,8066.0,
105/04/15,12931841.0,431589396.0,33.1,33.85,32.5,33.55,+0.55,5451.0,
105/04/18,9634724.0,328533652.0,33.95,35.0,33.25,33.95,+0.40,4439.0,
105/04/19,6091233.0,204943279.0,34.0,34.1,33.4,33.5,-0.45,3173.0,
105/04/20,7401150.0,245587499.0,34.15,34.2,32.6,32.85,-0.65,3903.0,
105/04/21,6886014.0,228094453.0,33.2,33.5,32.85,33.5,+0.65,3195.0,
105/04/22,3896026.0,129236649.0,33.5,33.55,33.0,33.1,-0.40,2365.0,
105/04/25,2871499.0,95348726.0,33.0,33.5,33.0,33.2,+0.10,1322.0,
105/04/26,3850041.0,127353882.0,33.25,33.5,32.75,32.95,-0.25,1905.0,
105/04/27,4844395.0,160325212.0,32.75,33.3,32.7,33.0,+0.05,2673.0,
105/04/28,6301468.0,208827932.0,33.45,33.6,32.8,33.25,+0.25,2758.0,
105/04/29,6002725.0,196581133.0,32.8,33.1,32.45,32.9,-0.35,2842.0,
105/05/03,5007366.0,163620266.0,33.0,33.0,32.4,32.65,-0.25,2450.0,
105/05/04,12164122.0,378687037.0,32.0,32.35,30.45,31.0,-1.65,6048.0,
105/05/05,9546128.0,293495218.0,30.4,31.1,30.4,30.8,-0.20,4094.0,
105/05/06,6430243.0,196277083.0,30.5,31.0,30.15,30.7,-0.10,3711.0,
105/05/09,5539471.0,167312371.0,30.3,30.7,30.0,30.0,-0.70,3058.0,
105/05/10,6695646.0,201426551.0,29.8,30.4,29.7,30.2,+0.20,3232.0,
105/05/11,6439671.0,192046185.0,30.4,30.55,29.6,29.65,-0.55,3331.0,
105/05/12,3242925.0,96161650.0,29.5,29.8,29.45,29.7,+0.05,2064.0,
105/05/13,6331183.0,183832943.0,29.4,29.55,28.8,29.0,-0.70,3358.0,
105/05/16,5113153.0,146130599.0,28.6,28.75,28.3,28.6,-0.40,3014.0,
105/05/17,7754507.0,223283753.0,28.65,29.15,28.4,29.0,+0.40,4073.0,
105/05/18,7216600.0,205849796.0,28.5,28.8,28.25,28.5,-0.50,3727.0,
105/05/19,11062502.0,307406971.0,28.4,28.45,27.55,27.7,-0.80,5830.0,
105/05/20,7791850.0,219625835.0,27.8,28.45,27.7,28.3,+0.60,4377.0,
105/05/23,8061643.0,230221608.0,28.3,29.2,27.6,28.8,+0.50,4351.0,
105/05/24,4966406.0,143707525.0,29.0,29.15,28.8,28.9,+0.10,2735.0,
105/05/25,5094740.0,148848588.0,29.5,29.5,28.9,29.25,+0.35,2910.0,
105/05/26,4266685.0,124668214.0,29.25,29.4,28.85,29.3,+0.05,2896.0,
105/05/27,3583194.0,105169490.0,29.4,29.45,29.2,29.45,+0.15,2221.0,
105/05/30,3290573.0,97143138.0,29.3,29.85,29.2,29.65,+0.20,2234.0,
105/05/31,19882895.0,595087100.0,29.7,30.05,29.2,30.05,+0.40,3482.0,
105/06/01,4660171.0,139761057.0,30.0,30.2,29.65,29.9,-0.15,3327.0,
105/06/02,5759975.0,172709846.0,29.9,30.1,29.8,30.0,+0.10,2933.0,
105/06/03,4050057.0,123369423.0,30.1,30.7,30.05,30.7,+0.70,2333.0,
105/06/04,1669790.0,51315141.0,30.7,30.9,30.5,30.6,-0.10,1421.0,
105/06/06,4256085.0,129037327.0,30.95,30.95,29.9,29.95,-0.65,2475.0,
105/06/07,8770491.0,272610609.0,30.4,31.45,30.4,31.3,+1.35,4039.0,
105/06/08,5833268.0,183984665.0,31.3,31.65,31.15,31.6,+0.30,3295.0,
105/06/13,6848307.0,216294398.0,31.6,31.95,31.2,31.5,-0.10,3384.0,
105/06/14,4053170.0,127281562.0,31.45,31.75,31.15,31.3,-0.20,2674.0,
105/06/15,8364820.0,267684453.0,31.3,32.55,31.3,32.2,+0.90,3902.0,
105/06/16,10466081.0,324813534.0,32.0,32.0,30.6,30.65,-1.55,5233.0,
105/06/17,9654795.0,305581717.0,30.95,31.9,30.95,31.9,+1.25,4148.0,
105/06/20,4382406.0,140859601.0,32.2,32.4,31.9,32.2,+0.30,2423.0,
105/06/21,6919844.0,224065440.0,32.2,32.5,32.15,32.5,+0.30,2667.0,
105/06/22,5687278.0,184099137.0,32.5,32.75,32.1,32.75,+0.25,2537.0,
105/06/23,3766262.0,121176794.0,32.7,32.7,31.9,31.95,-0.80,2136.0,
105/06/24,8351458.0,263295771.0,32.3,32.4,31.2,31.5,-0.45,3569.0,
105/06/27,2219826.0,69658654.0,31.05,31.65,31.05,31.5,0.00,1403.0,
105/06/28,2785373.0,87917562.0,31.0,31.9,30.85,31.85,+0.35,1618.0,
105/06/29,4891161.0,154501252.0,31.8,31.95,31.45,31.5,-0.35,2725.0,
105/06/30,7812886.0,248125747.0,31.55,32.05,31.35,32.05,+0.55,3985.0,
105/07/01,10537924.0,343182474.0,32.5,32.7,32.2,32.65,+0.60,4888.0,
105/07/04,12407965.0,413931092.0,32.7,33.65,32.65,33.65,+1.00,6554.0,
105/07/05,13226714.0,448940294.0,33.7,34.35,33.55,33.95,+0.30,7401.0,
105/07/06,10258417.0,340271440.0,33.95,33.95,32.8,33.1,-0.85,6544.0,
105/07/07,10125131.0,341068982.0,33.1,34.15,33.1,34.1,+1.00,4357.0,
105/07/11,20745207.0,723015783.0,34.7,35.1,34.3,35.1,+1.00,8267.0,
105/07/12,8345835.0,289953627.0,35.1,35.1,34.5,34.8,-0.30,5142.0,
105/07/13,10472583.0,365666825.0,34.95,35.1,34.7,35.0,+0.20,5019.0,
105/07/14,6410562.0,224507593.0,35.0,35.1,34.8,35.05,+0.05,3260.0,
105/07/15,10945807.0,385921408.0,35.0,35.5,34.85,35.25,+0.20,5835.0,
105/07/18,8945221.0,316080126.0,35.3,35.5,35.05,35.5,+0.25,6000.0,
105/07/19,10196350.0,362488555.0,35.55,35.75,35.4,35.6,+0.10,5055.0,
105/07/20,10448434.0,371854221.0,35.6,36.0,35.25,35.3,-0.30,5260.0,
105/07/21,12280999.0,435904797.0,35.45,35.65,35.35,35.5,+0.20,6224.0,
105/07/22,12495110.0,438998905.0,35.45,35.95,34.65,34.85,-0.65,5128.0,
105/07/25,10395954.0,351086116.0,33.9,34.15,33.45,34.1,X0.00,4420.0,
105/07/26,4199417.0,141662041.0,34.1,34.1,33.6,33.75,-0.35,2867.0,
105/07/27,2911286.0,98860959.0,34.0,34.05,33.75,34.05,+0.30,1668.0,
105/07/28,5224710.0,177688840.0,33.95,34.1,33.65,34.1,+0.05,2807.0,
105/07/29,4320349.0,146503312.0,34.1,34.1,33.8,33.9,-0.20,1293.0,
105/08/01,4262763.0,144365898.0,34.0,34.0,33.6,33.9,0.00,2365.0,
105/08/02,4293001.0,146370667.0,33.9,34.4,33.85,34.4,+0.50,2227.0,
105/08/03,6428564.0,221607455.0,33.7,34.95,33.3,34.9,+0.50,3317.0,
105/08/04,4434113.0,152776627.0,34.9,34.9,34.1,34.5,-0.40,2399.0,
105/08/05,5666704.0,197560841.0,34.5,35.15,34.35,34.9,+0.40,3453.0,
105/08/08,4043087.0,141276456.0,35.0,35.1,34.65,35.0,+0.10,1768.0,
105/08/09,4720704.0,165037436.0,34.85,35.05,34.8,35.0,0.00,1929.0,
105/08/10,5563376.0,194543327.0,35.0,35.1,34.6,35.05,+0.05,2134.0,
105/08/11,5413571.0,189076610.0,34.65,35.0,34.6,35.0,-0.05,1579.0,
105/08/12,4513594.0,157899003.0,35.0,35.0,34.7,35.0,0.00,2336.0,
105/08/15,3067235.0,107284221.0,34.95,35.0,34.75,35.0,0.00,1147.0,
105/08/16,5267757.0,183628963.0,35.0,35.0,34.6,34.85,-0.15,2708.0,
105/08/17,4520553.0,155199514.0,34.8,34.8,34.15,34.2,-0.65,2460.0,
105/08/18,6584104.0,228431316.0,34.2,35.1,34.15,35.1,+0.90,2447.0,
105/08/19,17933143.0,660391708.0,36.0,38.0,36.0,36.75,+1.65,6596.0,
105/08/22,17290465.0,644736363.0,36.75,37.8,36.6,37.6,+0.85,8097.0,
105/08/23,7511834.0,281817127.0,37.6,37.6,37.05,37.55,-0.05,3068.0,
105/08/24,5183714.0,194618535.0,37.55,37.95,37.2,37.55,0.00,2361.0,
105/08/25,7072822.0,266403962.0,37.6,37.9,37.55,37.8,+0.25,2780.0,
105/08/26,3825844.0,143812526.0,37.8,37.8,37.45,37.6,-0.20,1934.0,
105/08/29,7655978.0,282516542.0,37.6,37.95,36.6,36.8,-0.80,3438.0,
105/08/30,9750445.0,354213742.0,37.05,37.05,36.1,36.25,-0.55,3356.0,
105/08/31,8052267.0,292598985.0,36.25,36.5,36.1,36.25,0.00,2758.0,
105/09/01,10901935.0,384985442.0,36.1,36.25,35.05,35.25,-1.00,5176.0,
105/09/02,5829071.0,207116267.0,35.4,35.75,35.2,35.75,+0.50,2919.0,
105/09/05,6589141.0,239537154.0,36.1,36.5,36.1,36.4,+0.65,2982.0,
105/09/06,8538341.0,316706448.0,36.45,37.5,36.3,37.5,+1.10,3644.0,
105/09/07,8430859.0,315939824.0,37.5,37.7,37.15,37.5,0.00,3135.0,
105/09/08,7013084.0,257298299.0,37.5,37.55,36.45,36.5,-1.00,3593.0,
105/09/09,4270873.0,153131036.0,36.05,36.2,35.6,35.75,-0.75,2315.0,
105/09/10,3061363.0,108298177.0,35.1,35.8,34.95,35.5,-0.25,1513.0,
105/09/12,7312683.0,253866914.0,35.05,35.1,34.6,34.7,-0.80,3660.0,
105/09/13,7558437.0,260862619.0,34.7,35.0,34.1,34.4,-0.30,3892.0,
105/09/14,10428547.0,356804919.0,34.2,35.05,33.95,33.95,-0.45,3713.0,
105/09/19,6309088.0,215644428.0,34.0,34.6,33.9,34.6,+0.65,3825.0,
105/09/20,5395132.0,185512944.0,34.5,34.55,34.15,34.5,-0.10,1969.0,
105/09/21,12187219.0,433902784.0,34.5,36.3,34.35,36.3,+1.80,4425.0,
105/09/22,6644601.0,239279053.0,36.6,36.6,35.5,35.8,-0.50,2952.0,
105/09/23,4971524.0,178599145.0,35.85,36.2,35.3,35.8,0.00,2350.0,
105/09/26,3144998.0,113566512.0,35.8,36.45,35.7,36.05,+0.25,1956.0,
105/09/29,6068304.0,221837304.0,36.65,36.7,36.1,36.6,+0.55,3109.0,
105/09/30,5946051.0,212892013.0,36.25,36.3,35.6,35.65,-0.95,2756.0,
105/10/03,2589194.0,93133920.0,35.8,36.2,35.75,35.75,+0.10,1556.0,
105/10/04,6605167.0,237082119.0,36.2,36.2,35.65,35.95,+0.20,2446.0,
105/10/05,4091742.0,147949923.0,35.6,36.4,35.6,36.4,+0.45,2127.0,
105/10/06,2626905.0,95754278.0,36.4,36.65,36.05,36.6,+0.20,1484.0,
105/10/07,4489520.0,164170134.0,36.6,36.7,36.35,36.65,+0.05,1563.0,
105/10/11,4305098.0,156041228.0,36.85,36.85,35.8,36.05,-0.60,2580.0,
105/10/12,3841588.0,139395976.0,35.9,36.8,35.85,36.05,0.00,2141.0,
105/10/13,9132910.0,322055581.0,36.05,36.05,35.0,35.0,-1.05,4594.0,
105/10/14,4112120.0,146796864.0,35.1,35.9,35.1,35.85,+0.85,2199.0,
105/10/17,4102988.0,146279541.0,36.05,36.1,35.15,36.05,+0.20,2149.0,
105/10/18,5283911.0,191381664.0,35.85,36.45,35.75,36.4,+0.35,2823.0,
105/10/19,11106706.0,412999451.0,36.4,37.35,36.4,37.35,+0.95,4896.0,
105/10/20,6836904.0,253842978.0,37.35,37.5,36.6,36.9,-0.45,3242.0,
105/10/21,7010339.0,257993278.0,37.0,37.1,36.7,36.7,-0.20,2201.0,
105/10/24,4323590.0,159859874.0,36.75,37.15,36.75,37.0,+0.30,2235.0,
105/10/25,8676694.0,326408609.0,37.5,37.8,37.2,37.45,+0.45,3517.0,
105/10/26,4659407.0,174658410.0,36.95,37.8,36.95,37.55,+0.10,2532.0,
105/10/27,4635559.0,172884548.0,37.35,37.55,37.05,37.55,0.00,2343.0,
105/10/28,3975660.0,149152365.0,37.45,37.8,37.2,37.8,+0.25,1417.0,
105/10/31,7114399.0,267687689.0,37.45,37.95,36.9,37.85,+0.05,2792.0,
105/11/01,3585384.0,134337322.0,37.25,37.7,37.2,37.35,-0.50,1684.0,
105/11/02,6470202.0,236771747.0,37.0,37.05,36.2,36.25,-1.10,2848.0,
105/11/03,4459764.0,160390966.0,35.9,36.15,35.85,35.9,-0.35,2022.0,
105/11/04,4813332.0,172648800.0,35.85,36.05,35.55,36.05,+0.15,2121.0,
105/11/07,6360580.0,234223965.0,36.05,37.1,36.05,37.1,+1.05,2747.0,
105/11/08,4437476.0,165525790.0,37.3,37.65,37.05,37.5,+0.40,1805.0,
105/11/09,7408671.0,271410644.0,37.8,37.95,36.05,36.3,-1.20,3538.0,
105/11/10,14729334.0,557915392.0,36.9,38.2,36.9,38.15,+1.85,6455.0,
105/11/11,10715274.0,401691867.0,37.5,37.85,37.1,37.5,-0.65,4433.0,
105/11/14,6577921.0,245289707.0,37.4,37.75,36.85,37.05,-0.45,2675.0,
105/11/15,5197016.0,191669624.0,37.1,37.4,36.7,36.7,-0.35,2743.0,
105/11/16,6265248.0,231019998.0,37.2,37.25,36.55,36.55,-0.15,3246.0,
105/11/17,9308073.0,336769886.0,36.55,36.55,35.95,36.2,-0.35,4039.0,
105/11/18,6818114.0,244549754.0,36.1,36.15,35.6,35.85,-0.35,3320.0,
105/11/21,7152516.0,260749525.0,36.0,36.8,35.8,36.8,+0.95,3135.0,
105/11/22,5901102.0,218271344.0,36.7,37.2,36.6,37.1,+0.30,3191.0,
105/11/23,4159779.0,153826880.0,37.15,37.15,36.75,37.15,+0.05,2286.0,
105/11/24,3141512.0,115471555.0,37.0,37.05,36.55,36.75,-0.40,1556.0,
105/11/25,2083440.0,76303267.0,36.5,36.75,36.5,36.75,0.00,997.0,
105/11/28,2444939.0,90355891.0,36.75,37.1,36.55,37.0,+0.25,1296.0,
105/11/29,3452766.0,126632603.0,37.0,37.0,36.5,36.6,-0.40,1579.0,
105/11/30,12602006.0,464140258.0,36.9,37.05,36.55,36.85,+0.25,2417.0,
105/12/01,4980345.0,184873815.0,37.3,37.35,36.9,37.1,+0.25,2365.0,
105/12/02,3992950.0,148052794.0,36.7,37.25,36.7,37.1,0.00,1908.0,
105/12/05,3645304.0,134427072.0,37.1,37.1,36.55,36.7,-0.40,1746.0,
105/12/06,4705907.0,174260122.0,37.25,37.3,36.7,36.95,+0.25,2295.0,
105/12/07,5071268.0,187830755.0,37.1,37.2,36.75,37.05,+0.10,2038.0,
105/12/08,9247238.0,348028350.0,37.1,38.0,37.05,38.0,+0.95,4254.0,
105/12/09,6367803.0,241264176.0,38.0,38.0,37.55,37.95,-0.05,3469.0,
105/12/12,5851578.0,221488235.0,38.0,38.3,37.6,37.9,-0.05,2657.0,
105/12/13,4751396.0,178646014.0,37.9,37.9,37.45,37.85,-0.05,2659.0,
105/12/14,3848724.0,145226582.0,37.85,37.85,37.6,37.7,-0.15,2764.0,
105/12/15,5066706.0,188240335.0,37.5,37.7,36.9,37.05,-0.65,3252.0,
105/12/16,7874722.0,289146497.0,37.05,37.2,36.55,36.65,-0.40,3514.0,
105/12/19,5428506.0,195922366.0,36.6,36.6,35.9,36.0,-0.65,3433.0,
105/12/20,3422971.0,123692189.0,36.2,36.3,36.05,36.25,+0.25,1642.0,
105/12/21,4138637.0,148889457.0,36.4,36.4,35.85,35.9,-0.35,1587.0,
105/12/22,6915998.0,243858566.0,35.9,35.9,35.0,35.0,-0.90,3625.0,
105/12/23,6936379.0,239511417.0,34.9,34.95,34.35,34.35,-0.65,3558.0,
105/12/26,4685948.0,160372703.0,34.4,34.85,34.0,34.25,-0.10,2303.0,
105/12/27,2949091.0,100534741.0,34.3,34.3,34.05,34.1,-0.15,1188.0,
105/12/28,6390960.0,218855112.0,34.2,34.5,34.15,34.5,+0.40,2590.0,
105/12/29,5504753.0,188700567.0,34.5,34.5,34.2,34.2,-0.30,2756.0,
105/12/30,6121039.0,213121341.0,34.5,35.15,34.3,35.15,+0.95,2939.0,
106/01/03,2890982.0,101450502.0,35.45,35.45,34.8,35.15,0.00,1669.0,
106/01/04,3296820.0,115895011.0,35.2,35.3,35.0,35.25,+0.10,1737.0,
106/01/05,4098017.0,143758836.0,35.0,35.25,34.9,35.25,0.00,1788.0,
106/01/06,3542625.0,124391293.0,35.3,35.3,34.9,35.25,0.00,1774.0,
106/01/09,4877900.0,170970138.0,35.25,35.35,34.9,34.9,-0.35,1515.0,
106/01/10,2863568.0,100132754.0,34.8,35.15,34.65,34.95,+0.05,1142.0,
106/01/11,5403483.0,192049377.0,35.15,35.85,35.05,35.8,+0.85,2484.0,
106/01/12,7967333.0,288119189.0,35.85,36.3,35.7,36.3,+0.50,2970.0,
106/01/13,3896119.0,140384134.0,36.3,36.4,35.7,36.0,-0.30,1778.0,
106/01/16,2145899.0,76997328.0,35.8,36.05,35.6,35.8,-0.20,1066.0,
106/01/17,2902410.0,103568249.0,35.9,36.0,35.55,35.55,-0.25,988.0,
106/01/18,8308000.0,294868541.0,35.45,35.55,35.3,35.45,-0.10,2080.0,
106/01/19,6098231.0,211855327.0,35.2,35.2,34.6,34.65,-0.80,3161.0,
106/01/20,2355242.0,82362962.0,34.8,35.1,34.75,34.95,+0.30,1187.0,
106/01/23,9432643.0,333011316.0,34.5,35.8,34.5,35.75,+0.80,3717.0,
106/01/24,6790602.0,241575213.0,35.75,36.0,35.3,35.4,-0.35,2861.0,
查無資料！
